[
    {
        "id":1,
        "product_title":"Test 1",
        "product_image_url":"/Img/Prod.jpg",
        "product_price":1200
    },
    {
        "id":2,
        "product_title":"Test 2",
        "product_image_url":"/Img/Prod2.jpg",
        "product_price":2000
    },
    {
        "id":3,
        "product_title":"Test 3",
        "product_image_url":"/Img/Prod3.jpg",
        "product_price":200
    },
    { 
        "id":4,
        "product_title":"Test 4",
        "product_image_url":"/Img/Prod4.jpg",
        "product_price":100
    }
]